ドラマ	['J407:ヒューマンドラマ', 'J4:国内ドラマ', 'J5:海外･アジアドラマ', 'J505:海外(ドラマ･ラブストーリー)', 'n2:ドラマ／エンタメ', 'n202:国内ドラマ', 'n201:大河ドラマ・時代劇', 'J411:深夜ドラマ', 'J412:懐かしヒットドラマ', 'J107:ヒューマンドラマ', 'J9210:ドラマ', 'J204:ヒューマンドラマ', 'J9012:イケメン･恋愛ドラマ']
アドベンチャー・冒険	[]
コメディ	['J310:コメディ･ギャグ', 'J205:コメディ', 'J106:コメディ']
ドキュメンタリー	['n1:ドキュメンタリー·教養', 'n101:ドキュメンタリー', 'J111:名作･ドキュメンタリー', 'J10106:ドキュメンタリー']
ファミリー	['J304:ファミリー･キッズ(シリーズ)', 'J305:ファミリー･キッズ(映画･長編)', 'J108:ファミリー･アニメ', 'J207:ファミリー･アニメ']
アニメ	['J3:アニメ･キッズ', 'J705:東映アニメBBプレミアム', 'J315:東映アニメーション', 'J302:アニメ(映画･長編)', 'n3:キッズ／アニメ', 'n301:アニメ', 'J108:ファミリー･アニメ', 'J9013:アニメ', 'J207:ファミリー･アニメ']
ショートフィルム・短編	[]
恋愛	['J9012:イケメン･恋愛ドラマ']
スポーツ	['J308:スポーツ･青春', 'J612:スポーツ･プロレス･格闘技', 'n5:報道／スポーツ', 'n502:スポーツ']
クライム	[]
アクション	['J306:アクション･ファンタジー', 'J409:ホラー･アクション', 'J503:海外(アクション･ＳＦ)', 'J201:アクション', 'J102:アクション']
サスペンス	['J511:韓流(サスペンス･その他)', 'J408:サスペンス･ミステリー', 'J504:海外(サスペンス･ホラー)', 'J104:サスペンス･ミステリー', 'J202:サスペンス･ミステリー']
歴史	['J506:海外(歴史･その他)', 'J513:華流(歴史)', 'J508:韓流(歴史)', 'J606:自然･宇宙･歴史･恐竜', 'n102:歴史']
西部劇	['J5:海外･アジアドラマ']
ホラー	['J409:ホラー･アクション', 'J309:ホラー･ミステリー', 'J504:海外(サスペンス･ホラー)', 'J103:ホラー･スリラー', 'J203:ホラー･スリラー']
ミュージカル	['J114:ミュージカル･音楽']
SF	[]
ミステリー	['J408:サスペンス･ミステリー', 'J309:ホラー･ミステリー', 'J104:サスペンス･ミステリー', 'J202:サスペンス･ミステリー']
ファンタジー	['J306:アクション･ファンタジー', 'J109:ＳＦ･ファンタジー']
青春	['J308:スポーツ･青春', 'J406:学園･青春', 'J206:ラブストーリー･青春']
戦争	['J209:時代劇･戦争', 'J112:戦争']
パニック	['J110:パニック･ディザスター']
スリラー	['J103:ホラー･スリラー', 'J203:ホラー･スリラー']
伝記	['n102:歴史']
バイオレンス	['J201:アクション', 'J102:アクション']
音楽	['J512:韓流(バラエティ･音楽)', 'n205:音楽', 'J603:音楽', 'J114:ミュージカル･音楽']
ギャング・マフィア	['J211:任侠･極道']
時代劇	['J410:時代劇', 'n201:大河ドラマ・時代劇', 'J209:時代劇･戦争']
ヤクザ・任侠	['J211:任侠･極道']
オムニバス	['J9314:オムニバス', 'J9215:オムニバス', 'J9112:オムニバス']
アート・コンテンポラリー	['n407:美術']
